{"cameraMode":{"drawMode":0,"name":"Shaded","section":"Shading Mode"},"sceneLighting":false,"audioPlay":true,"sceneViewState":{"showFog":true,"showMaterialUpdate":false,"showSkybox":false,"showFlares":true,"showImageEffects":true,"showParticleSystems":true},"in2DMode":false,"pivot":{"x":0.03356492519378662,"y":0.942642092704773,"z":1.5164105892181397},"rotation":{"x":-0.021899523213505746,"y":0.9749904274940491,"z":-0.11194058507680893,"w":-0.1907445341348648},"size":3.9954111576080324,"orthographic":false}