{"cameraMode":{"drawMode":0,"name":"Shaded","section":"Shading Mode"},"sceneLighting":false,"audioPlay":true,"sceneViewState":{"showFog":true,"showMaterialUpdate":false,"showSkybox":false,"showFlares":true,"showImageEffects":true,"showParticleSystems":true},"in2DMode":false,"pivot":{"x":-0.00031498074531555176,"y":0.8662055134773254,"z":0.04441644996404648},"rotation":{"x":-0.145283043384552,"y":-0.012763997539877892,"z":0.0018741571111604572,"w":-0.9893060326576233},"size":3.7069830894470217,"orthographic":false}