{"cameraMode":{"drawMode":0,"name":"Shaded","section":"Shading Mode"},"sceneLighting":false,"audioPlay":true,"sceneViewState":{"showFog":true,"showMaterialUpdate":false,"showSkybox":false,"showFlares":true,"showImageEffects":true,"showParticleSystems":true},"in2DMode":false,"pivot":{"x":-0.0003083944320678711,"y":0.8815609216690064,"z":0.04525596648454666},"rotation":{"x":-0.145283043384552,"y":-0.012763997539877892,"z":0.0018741571111604572,"w":-0.9893060326576233},"size":3.747968912124634,"orthographic":false}