{"cameraMode":{"drawMode":0,"name":"Shaded","section":"Shading Mode"},"sceneLighting":false,"audioPlay":true,"sceneViewState":{"showFog":true,"showMaterialUpdate":false,"showSkybox":false,"showFlares":true,"showImageEffects":true,"showParticleSystems":true},"in2DMode":false,"pivot":{"x":-1.1745738983154297,"y":0.5314185619354248,"z":-0.8576476573944092},"rotation":{"x":-0.03363264352083206,"y":0.9521397948265076,"z":-0.11366039514541626,"w":-0.28174465894699099},"size":4.3389573097229,"orthographic":false}